<?xml version="1.0" encoding="UTF-8"?>
<!DOCTYPE struts PUBLIC "-//Apache Software Foundation//DTD Struts Configuration 2.0//EN"
   "http://struts.apache.org/dtds/struts-2.0.dtd">
<struts>


	<package name="AIQS" extends="struts-default" namespace="/jsp">
		
		<action name="registry" class="com.aiqs.action.RegisterAction">
		<result name="success">success.jsp</result>
		<result name="input">register.jsp</result>
		</action>
		
		<action name="authentication" class="com.aiqs.action.LoginAction">
		<result name="admin">adminhomepage.jsp</result>
		<result name="success">userhomepage.jsp</result>
		<result name="input">login.jsp</result>
		</action>
		
	
		<action name="passadmin" class="com.aiqs.action.PassAction">
		<result name="success">capassword.jsp</result>
		<result name="input">adminhomepage.jspp</result>
		</action>
	
		
		<action name="chpassword" class="com.aiqs.action.PasswordAction">
		<result name="admin">admincsuccess.jsp</result>
		<result name="input">capassword.jsp</result>
		<result name="invalid">login.jsp</result>
		</action>
		
		<action name="chuserpassword" class="com.aiqs.action.PasswordAction">
		<result name="success">csuccess.jsp</result>
		<result name="input">cpassword.jsp</result>
		<result name="invalid">login.jsp</result>
		</action>
		
		<action name="log" class="com.aiqs.action.LogoutAction">
		<result name="success">login.jsp</result>
		<result name="input">userhomepage.jsp</result>
		</action>
		
		<action name="backuser" class="com.aiqs.action.BackAction">
		<result name="success">userhomepage.jsp</result>
		<result name="input">login.jsp</result>
		</action>
		 
		 	
		<action name="backadmin" class="com.aiqs.action.BackAction">
		<result name="success">adminhomepage.jsp</result>
		<result name="input">login.jsp</result>
        </action>
		
		<action name="logadmin" class="com.aiqs.action.LogoutAction">
		<result name="success">login.jsp</result>
		<result name="input">adminhomepage.jsp</result>
		</action>
		
		
		<action name="buyquote" class="com.aiqs.action.VehicleAction">
		<result name="success">pinsurance.jsp</result>
		<result name="input">buyquote.jsp</result>
		<result name="invalid">login.jsp</result>
		</action>
		
		<action name="buyquote2" class="com.aiqs.action.InsuranceAction">
		<result name="success">engine.jsp</result>
		<result name="input">pinsurance.jsp</result>
		<result name="invalid">login.jsp</result>
		</action>
		
		<action name="eengine" class="com.aiqs.action.EngineAction">
		<result name="success" type="redirect">gateway</result>	   
		<result name="input">engine.jsp</result>
		<result name="invalid">login.jsp</result>
		</action>
		
		<action name="gateway" class="com.aiqs.action.GatewayAction">
		<result name="cheque">cheque.jsp</result>
		<result name="credit">credit.jsp</result>
		<result name="invalid">login.jsp</result>
		</action>
		
		<action name="paycheque" class="com.aiqs.action.ChequeAction">
		<result name="success">qsuccess.jsp</result>
		<result name="input">cheque.jsp</result>
		<result name="invalid">login.jsp</result>
		
       </action>
       
        <action name="paycredit" class="com.aiqs.action.CreditAction">
		<result name="success">qqsuccess.jsp</result>
		<result name="input">credit.jsp</result>
		<result name="invalid">login.jsp</result>
	    </action>
	    
	    <action name="checkd" class="com.aiqs.action.CDriverAction">
	    <result name="success">driverform.jsp</result>
	    <result name="input">daddfail.jsp</result>
	    </action>
	    
	    <action name="driverform" class="com.aiqs.action.DdriverAction">
		<result name="success">dsuccess.jsp</result>
		<result name="input">driverform.jsp</result>
		<result name="fail">daddfail.jsp</result>
		<result name="invalid">login.jsp</result>
		</action>
		
	    <action name="modifyDriver" class="com.aiqs.action.DriverAction" method="premodifyDriver">
		<result name="success">modifydriver.jsp</result>	   
		<result name="input">drivers.jsp</result>
		</action>
		
		<action name="postModifyDriver" class="com.aiqs.action.UpdateDriverAction" method="postmodifyDriver">
		<result name="success" type="redirect">driverview1</result>	   
		<result name="input">modifydriver.jsp</result>
		<result name="invalid">login.jsp</result>
		</action>
		
		<action name="deleteDriver" class="com.aiqs.action.DriverAction" method="deleteDriver">
		<result name="success" type="redirect">driverview1</result>	   
		<result name="input" type="redirect">driverview1</result>
		</action>
		
		<action name="driverview" class="com.aiqs.action.UserQuotesAction" method="driverview">
		<result name="success">drivers.jsp</result>	   
		<result name="input">userquotes.jsp</result>
		<result name="invalid">login.jsp</result>
		</action>
		
		<action name="driverview1" class="com.aiqs.action.UserQuotesAction" method="driverview1">
		<result name="success">drivers.jsp</result>	   
		<result name="input">userquotes.jsp</result>
		<result name="invalid">login.jsp</result>
		</action>
		
		<action name="viewquotes" class="com.aiqs.action.UserQuotesAction" method="viewQuote">
		<result name="success">quoteview.jsp</result>	   
		<result name="input">userquotes.jsp</result>
		<result name="invalid">login.jsp</result>
		</action>
		
		<action name="quote" class="com.aiqs.action.UserQuotesAction" method="getQuoteTable">
		<result name="success">userquotes.jsp</result>	   
		<result name="input">userhomepage.jsp</result>
		<result name="invalid">login.jsp</result>
		</action>
		
		<action name="adminviewquote" class="com.aiqs.action.AdminQuoteAction" method="viewQuote">
		<result name="success">adminviewquote.jsp</result>	   
		<result name="input">adminquotes.jsp</result>
		<result name="invalid">login.jsp</result>
		</action>
	    
		<action name="deleteQuote" class="com.aiqs.action.AdminQuoteAction" method="deleteQuote">
		<result name="success" type="redirect">viewuserquotesadmin</result>	   
		<result name="input" type="redirect">viewuserquotesadmin</result>
		<result name="invalid">login.jsp</result>
		</action>
		
		<action name="modifyQuote" class="com.aiqs.action.AdminQuoteAction" method="premodifyQuote">
		<result name="success">modifyquote.jsp</result>	   
		<result name="input">adminquotes.jsp</result>
		<result name="invalid">login.jsp</result>
		</action>
		
		<action name="modifyQuote1" class="com.aiqs.action.AdminQuoteAction" method="premodifyQuote1">
		<result name="success">modifyquote.jsp</result>	   
		<result name="input">adminquotes.jsp</result>
		<result name="invalid">login.jsp</result>
		</action>
		
		<action name="postModifyQuote" class="com.aiqs.action.AdminModifyAction" method="postmodifyQuote">
		<result name="success" type="redirect">viewuserquotesadmin</result>	   
		<result name="input">modifyquote.jsp</result>
		<result name="invalid">login.jsp</result>
		</action>
		
		<action name="viewuserquotesadmin" class="com.aiqs.action.AdminQuoteAction" method="getQuoteTable">
		<result name="success">adminquotes.jsp</result>	   
		<result name="input">adminhomepage.jsp</result>
		<result name="invalid">login.jsp</result>
		</action>
		
		
	</package>
	
</struts>